date,yt_pred_time_trend_1_dummy,yt_pred_time_trend_2_dummy,yt_pred_time_trend_3_dummy,yt_true,yt_pred_time_trend_3_fourier
1946-01-01,1095.0249999999992,1444.198616180507,1197.389238901429,890,1138.2402635831327
1946-02-01,1077.3934210526309,1417.7272045877276,1182.2558001361897,992,1250.6692805200876
1946-03-01,1214.0776315789465,1545.5715803337537,1321.1474334396944,979,1282.0046880942202
1946-04-01,1322.1302631578938,1644.7843762768762,1431.1167703908925,959,1425.2150843147783
1946-05-01,1385.0249999999992,1698.83927674319,1495.637495200308,1110,1564.724162238021
1946-06-01,1539.4986842105254,1844.473122881762,1651.4464499732069,1546,1531.931914667873
1946-07-01,1929.709210526315,2225.843808421344,2042.7015294464293,1539,2199.885663947841
1946-08-01,3034.4986842105254,3321.7934352765697,3148.244838883134,3401,2989.310342888406
1946-09-01,2284.709210526315,2563.16412667662,2398.918483546477,2092,2535.851832234696
1946-10-01,1815.6565789473675,2085.271657162996,1930.0382529101464,1436,1845.1812415880095
1946-11-01,1636.130263157894,1896.9055003584456,1750.3936206583494,1301,1778.8667492289217
1946-12-01,1397.6039473684202,1649.5393429107253,1511.4582710016127,1287,1539.9901752271892
1947-01-01,1220.817543859648,1464.4041988594968,1362.532522178092,1488,1302.4547672028698
1947-02-01,1203.1859649122798,1438.9149915567698,1344.9249807775216,1517,1412.430127355236
1947-03-01,1339.8701754385957,1567.7415715928482,1481.374813379577,1707,1441.3439891327469
1947-04-01,1447.922807017543,1667.9365718260235,1588.9346515632085,1729,1582.1649505446499
1947-05-01,1510.817543859648,1722.9736765823898,1651.0781795389391,1788,1719.316704647204
1947-06-01,1665.2912280701746,1869.5897270110145,1804.542239412035,2008,1684.1992442443338
1947-07-01,2055.501754385964,2251.9426168406494,2193.484725919337,2203,2349.8598916795463
1947-08-01,3160.291228070175,3348.874447985927,3296.747744324003,3713,3137.0235797633236
1947-09-01,2410.501754385964,2591.22734367603,2545.1733998891905,2946,2681.3361892407916
1947-10-01,1941.4491228070167,2114.317078452459,2074.077482088585,2082,1988.4688297132498
1947-11-01,1761.9228070175432,1926.933125937961,1892.249464606396,2033,1919.9896794612735
1947-12-01,1523.3964912280694,1680.5491727802937,1651.1630316531491,1937,1678.9805585546192
1948-01-01,1346.610087719297,1496.3962330191175,1500.118501467001,1711,1439.3447146133444
1948-02-01,1328.978508771929,1471.889230006443,1480.4244806376846,1775,1547.251749836722
1948-03-01,1465.6627192982446,1601.698014332574,1614.8201357448766,1902,1574.1293976732113
1948-04-01,1573.715350877192,1702.875218855802,1720.3580983675258,1846,1712.946256132059
1948-05-01,1636.610087719297,1758.894527902221,1780.5120527161575,2083,1848.1260182695246
1948-06-01,1791.0837719298238,1906.4927826208984,1932.018840896036,2262,1811.0686768895325
1948-07-01,2181.2942982456134,2289.827876740585,2319.036357644003,2193,2474.82155433559
1948-08-01,3286.083771929824,3387.741912175916,3420.406708223216,3792,3260.1095834181788
1948-09-01,2536.2942982456134,2631.077012156072,2666.9719978968324,2343,2802.5786448824247
1948-10-01,2067.241666666666,2155.148951222553,2194.0480161385376,2313,2107.8998483296273
1948-11-01,1887.715350877192,1968.747202998108,2010.424236632542,2179,2037.6413720403625
1948-12-01,1649.1890350877184,1723.3454541304927,1767.5743435893703,1975,1794.8850360843865
1949-01-01,1472.4026315789465,1540.174718659369,1614.7986552471796,1880,1553.5340880817564
1949-02-01,1454.7710526315782,1516.6499199367477,1593.405778195703,1930,1659.7581302317456
1949-03-01,1591.4552631578938,1647.4409085529314,1726.134879014617,2060,1684.9848959828128
1949-04-01,1699.507894736841,1749.6003173662118,1830.0385892828697,1843,1822.1829833442055
1949-05-01,1762.4026315789465,1806.6018307026832,1888.5905932109872,2052,1955.7760853721823
1949-06-01,1916.8763157894728,1955.1822897114127,2038.5277329042335,2039,1917.1641948706686
1949-07-01,2307.0868421052623,2339.499588121153,2424.007903099451,2351,2579.3946341831706
1949-08-01,3411.8763157894728,3438.395827846536,3523.873209059796,3394,3363.1923361201707
1949-09-01,2662.0868421052623,2682.7131321167444,2768.9657560484266,3581,2904.203181426795
1949-10-01,2193.034210526315,2207.7672754732785,2294.6013335390285,2489,2208.0982797043425
1949-11-01,2013.5078947368413,2022.3477315388857,2109.569415215811,2468,2136.445809233389
1949-12-01,1774.9815789473676,1777.9281869613233,1865.3436852893008,2134,1892.327590083691
1950-01-01,1598.1951754385957,1595.7396557802526,1711.2244619976525,1903,1649.6468698753056
1950-02-01,1580.5635964912271,1573.1970613476833,1688.5203519306006,1719,1754.5732508075062
1950-03-01,1717.247807017543,1704.9702542539198,1819.9705216678208,1617,1778.5344663287513
1950-04-01,1825.3004385964905,1808.1118673572528,1922.6276027882636,1818,1914.4991144482888
1950-05-01,1888.1951754385957,1866.0955849837767,1979.965279502452,2067,2046.8908882223773
1950-06-01,2042.668859649122,2015.6582482825595,2128.720393915652,2457,2007.109780454941
1950-07-01,2432.8793859649118,2400.957750982352,2513.050840764705,2600,2668.203113489488
1950-08-01,3537.668859649122,3500.836194997788,3611.798725312768,3530,3450.8958201364994
1950-09-01,2787.8793859649118,2746.1357035580486,2855.806152822998,2693,2990.8337811411016
1950-10-01,2318.8267543859643,2272.172051204635,2380.388912769081,2448,2293.688106104594
1950-11-01,2139.3004385964905,2087.734711560295,2194.336478835228,2250,2221.026973307552
1950-12-01,1900.7741228070167,1844.297371272785,1949.1225352319632,1972,1975.9322028197319
1951-01-01,1723.9877192982449,1663.091044381767,1794.047400197443,1682,1732.3070422611913
1951-02-01,1706.3561403508763,1641.5306542392505,1770.4196803214018,1730,1836.3210938312034
1951-03-01,1843.040350877192,1774.286051435539,1900.9785421835145,1814,1859.4020909782266
1951-04-01,1951.0929824561397,1878.409868828925,2002.7766173627317,1900,1994.5186317115088
1951-05-01,2013.9877192982449,1937.3757907455015,2059.2875900695763,2051,2126.094409087308
1951-06-01,2168.461403508771,2087.9206583343366,2207.248302409315,2290,2085.5294159095506
1951-07-01,2558.6719298245607,2474.202365324182,2590.8166491187885,2599,2745.870974521742
1951-08-01,3663.461403508771,3575.0630136296704,3688.834735461154,3428,3527.8440177343646
1951-09-01,2913.6719298245607,2821.344726479984,2932.1446666995694,2262,3067.094426292545
1951-10-01,2444.619298245613,2348.363278416623,2456.06223230772,2242,2369.293309797582
1951-11-01,2265.0929824561395,2164.9081430623355,2269.376905969816,2103,2296.0088465300514
1951-12-01,2026.5666666666657,1922.4530070648784,2023.562371896383,1825,2050.322856559709
1952-01-01,1849.7802631578936,1742.228884463913,1867.918948325576,1670,1806.1385875066135
1952-02-01,1832.1486842105253,1721.650698611449,1843.75524184713,1681,1909.6256415700368
1952-03-01,1968.832894736841,1855.3883000977903,1973.8104190407207,1713,1932.211752198438
1952-04-01,2076.8855263157884,1960.4943217812288,2075.1371114852973,1954,2066.8655174010646
1952-05-01,2139.780263157894,2020.4424479878576,2131.209003391384,1876,2198.0106302341756
1952-06-01,2294.25394736842,2171.969519866745,2278.762936864247,2272,2157.0470835016963
1952-07-01,2684.4644736842097,2559.2334311466434,2661.956806640726,2612,2817.0221995471325
1952-08-01,3789.25394736842,3661.076283742184,3759.632717983981,3590,3598.660911180966
1952-09-01,3039.4644736842097,2908.34020088255,3002.6327761571656,2496,3137.6090991483247
1952-10-01,2570.4118421052626,2436.340957109242,2526.272770633969,2441,2439.5378730505063
1952-11-01,2390.885526315789,2253.868026045008,2339.342175098599,2340,2366.0154111680868
1952-12-01,2152.359210526315,2012.3950943376024,2093.3146737615825,2090,2120.123533570823
1953-01-01,1975.5728070175428,1833.1531760266896,1937.4905848610747,1812,1875.7654878787716
1953-02-01,1957.9412280701745,1813.5571944642784,1913.1785149868097,1788,1979.1108762912063
1953-03-01,2094.6254385964903,1948.2770002406724,2043.1176307184635,1837,2001.5874322565855
1953-04-01,2202.678070175438,2054.365226214163,2144.360563634985,1993,2136.163753784157
1953-05-01,2265.572807017543,2115.295556710845,2200.3809979468992,2021,2267.2635339301796
1953-06-01,2420.046491228069,2267.8048328797854,2347.915775759471,2199,2226.2867654985776
1953-07-01,2810.257017543858,2656.050948449736,2731.122791809542,2622,2886.2807708328583
1953-08-01,3915.0464912280695,3758.8760053353294,3828.84415136027,3787,3667.9704827435035
1953-09-01,3165.257017543858,3007.122126765748,3071.9219596748108,2914,3207.00178197564
1953-10-01,2696.204385964911,2536.1050872824926,2595.672006226852,2487,2509.0457781305663
1953-11-01,2516.678070175438,2354.6143605083103,2408.883764700602,2314,2435.670649488858
1953-12-01,2278.151754385964,2114.1236330909583,2163.030919306588,2139,2189.958216120272
1954-01-01,2101.365350877192,1935.8639190700976,2007.413788282964,2124,1945.8117256448659
1954-02-01,2083.733771929824,1917.2501417977392,1983.340978219465,2214,2049.4007802619117
1954-03-01,2220.4179824561397,2052.952151864186,2113.551655695767,2234,2072.1531134198685
1954-04-01,2328.470614035087,2160.022582127729,2215.0984522908198,2279,2207.0373231279846
1954-05-01,2391.365350877192,2221.935116914464,2271.4550522151458,2423,2338.477102442518
1954-06-01,2545.8390350877185,2375.4265973734564,2419.358297574013,2290,2297.8724441673944
1954-07-01,2936.049561403508,2764.65491723346,2802.96608310426,2903,2958.27067064612
1954-08-01,4040.8390350877194,3868.462178409106,3901.120514069047,4485,3740.396714689177
1954-09-01,3291.049561403508,3117.6905041295768,3144.663695731529,3085,3279.89645704169
1954-10-01,2821.9969298245605,2647.6556689363742,2668.911417565393,2852,2582.4410073049617
1954-11-01,2642.4706140350872,2467.147146452244,2482.653153254849,2629,2509.598543759565
1954-12-01,2403.944298245613,2227.638623324945,2237.362587010421,2435,2264.450886475257
1955-01-01,2227.157894736841,2050.3611135941374,2082.3400370702666,2227,2020.9012830720942
1955-02-01,2209.526315789473,2032.729540611831,2058.89411002412,1944,2125.119335749352
1955-03-01,2346.210526315788,2169.41375496833,2189.763972451656,2125,2148.5327779554873
1955-04-01,2454.263157894736,2277.4663895219264,2292.002255931823,2260,2284.1102076997477
1955-05-01,2517.157894736841,2340.361128598713,2349.0826446751485,2299,2416.2753180383925
1955-06-01,2671.6315789473674,2494.834813347759,2497.7419807868946,2323,2376.4281017753465
1955-07-01,3061.842105263157,2885.0453374978147,2882.1381590039045,2659,3037.6158812541166
1955-08-01,4166.631578947367,3989.8348029635135,3981.1132845893353,3761,3820.5635892851847
1955-09-01,3416.842105263157,3240.045332974037,3225.5094628063443,2779,3360.917106613677
1955-10-01,2947.789473684209,2770.992702070887,2750.6424831286167,2761,2664.347542840892
1955-11-01,2768.263157894736,2591.4663838768097,2565.3018192403624,2446,2592.4230762474062
1955-12-01,2529.7368421052624,2352.940065039563,2320.961155352108,2278,2348.2255269029765
1956-01-01,2352.95043859649,2176.6447595988075,2166.9208097020087,1879,2105.6581424276583
1956-02-01,2335.318859649122,2159.9953909065543,2144.489388879798,1881,2210.890525020727
1956-03-01,2472.0030701754376,2297.661809553106,2276.406059465153,2165,2235.3504081306405
1956-04-01,2580.055701754385,2406.696648396755,2379.723453037022,2199,2372.0063897666455
1956-05-01,2642.95043859649,2470.5735917635943,2437.9152538059298,2308,2505.2821629850023
1956-06-01,2797.424122807017,2626.029480802693,2587.7183038771423,2529,2466.577720589633
1956-07-01,3187.634649122806,3017.222209242801,2973.2904979874997,2573,3128.940384924049
1956-08-01,4292.424122807017,4122.993878998552,4073.473941400159,3946,3913.095088798727
1956-09-01,3542.634649122806,3374.186613299129,3319.1107393782795,3200,3454.6877129587965
1956-10-01,3073.582017543859,2906.116186686031,2845.5166813955466,2574,2759.3893670055572
1956-11-01,2894.055701754385,2727.5720727820067,2661.481241136168,2422,2688.7682292195823
1956-12-01,2655.5293859649114,2490.027958234812,2418.478102810672,2446,2445.9061196706307
1957-01-01,2478.7429824561395,2314.71485708411,2265.807584657212,2828,2204.7062859787575
1957-02-01,2461.1114035087708,2299.0476926819088,2244.778293265524,2879,2311.3383303432374
1957-03-01,2597.795614035087,2437.6963156185134,2378.1293952152832,2800,2337.229986212528
1957-04-01,2705.848245614034,2547.713358752215,2482.9135220854387,2835,2475.349851595878
1957-05-01,2768.7429824561395,2612.5725064091066,2542.6043580865157,2585,2610.121619549545
1957-06-01,2923.216666666666,2769.010599738257,2693.9387453237778,2787,2572.9452828774542
1957-07-01,3313.4271929824554,3161.1855324684184,3081.074578534068,3334,3236.868163923114
1957-08-01,4418.216666666666,4267.939406514222,4182.853962980544,4746,4022.615195497005
1957-09-01,3668.427192982456,3520.114345104851,3430.11900392636,3613,3565.8322583442514
1957-10-01,3199.374561403508,3053.0261227818064,2958.185490845206,3463,2872.190462066157
1957-11-01,3019.8482456140346,2875.4642131678343,2775.8428974212898,3274,2803.257984943294
1957-12-01,2781.3219298245604,2638.902302910693,2534.5649078651363,2801,2562.116647045418
1958-01-01,2604.5355263157885,2464.5714060500427,2383.6518404149024,2488,2322.6696959925903
1958-02-01,2586.90394736842,2449.8864459378947,2364.412301660321,2386,2431.0867339840815
1958-03-01,2723.588157894736,2589.517273164552,2499.585458181071,2428,2458.79549446835
1958-04-01,2831.640789473683,2700.516520588306,2606.223941556097,2678,2598.7645754546456
1958-05-01,2894.5355263157885,2766.3578725352504,2667.8014359959284,2744,2735.417669999223
1958-06-01,3049.009210526315,2923.7781701544536,2821.054783605828,2772,2700.15477090601
1958-07-01,3439.2197368421043,3316.9353071746677,3210.141879122635,3520,3366.0232005185144
1958-08-01,4544.009210526315,4424.671385510524,4313.904827809511,3833,4153.7478916472155
1958-09-01,3794.219736842104,3677.828528391205,3563.1857349296106,3377,3698.97472503724
1958-10-01,3325.167105263157,3211.7225103582127,3093.30038995662,3013,3007.3748102898903
1958-11-01,3145.6407894736835,3035.1428050342934,2913.0382665747507,2871,2940.516325685738
1958-12-01,2907.1144736842098,2799.5630990672043,2673.873048994526,2592,2701.481091294541
1959-01-01,2730.328070175437,2626.214406496607,2525.105055454102,2375,2464.1723547363576
1959-02-01,2712.696491228069,2612.511650674511,2508.0428925432143,2304,2574.7597182104596
1959-03-01,2849.380701754385,2753.1246821912214,2645.4257268415386,2464,2604.6709151653063
1959-04-01,2957.4333333333325,2865.106133905028,2754.3061899280237,2557,2746.8745436101462
1959-05-01,3020.328070175437,2931.9296901420253,2818.1579660131924,2739,2885.7942966012347
1959-06-01,3174.801754385964,3090.332192051281,2973.717897202313,2714,2852.8301669424995
1959-07-01,3565.0122807017533,3484.471533361547,3365.143878232225,3102,3521.029476977448
1959-08-01,4669.801754385964,4593.189815987456,4471.278014366085,3961,4311.11715951656
1959-09-01,3920.0122807017538,3847.329163158191,3722.9624108670528,3772,3858.739095304963
1959-10-01,3450.9596491228062,3382.2053494152506,3255.5128572088133,3245,3169.5663939439573
1959-11-01,3271.4333333333325,3206.6078483813835,3077.7188270755746,3104,3105.1672337141167
1959-12-01,3032.9070175438587,2972.0103467043477,2841.054004677863,2869,2868.6234346851975
1960-01-01,2856.120614035087,2799.643858423803,2694.818708253837,2513,2633.8382444772583
1960-02-01,2838.4890350877185,2786.92330689176,2680.321544393228,2385,2746.9812652895707
1960-03-01,2975.1732456140344,2928.5185426985217,2820.301679675712,2756,2779.4802305705966
1960-04-01,3083.225877192981,3041.482198702381,2931.811745680239,2927,2924.3037383295787
1960-05-01,3146.120614035087,3109.287959229431,2998.325426617333,2940,3065.8754816227793
1960-06-01,3300.594298245613,3268.6726654287395,3156.57956459226,3180,3035.5954532541223
1960-07-01,3690.8048245614023,3663.794211029058,3550.7320543418605,3791,3706.5109755671165
1960-08-01,4795.594298245614,4773.49469794502,4659.625001129292,4093,4499.346981372239
1960-09-01,4045.8048245614023,4028.616249405807,3914.1005102177137,4309,4049.7493514146195
1960-10-01,3576.752192982455,3564.4746399529195,3449.4743710808075,3532,3363.3891952955573
1960-11-01,3397.225877192982,3389.8593432091056,3274.5360574027877,3408,3301.8346912956285
1960-12-01,3158.699561403508,3156.2440458221217,3040.759253394176,2839,3068.1676594845876
1961-01-01,2981.913157894736,2984.85976183163,2897.4442772931297,2792,2836.2913474824923
1961-02-01,2964.2815789473675,2973.121414589639,2885.899735689384,2798,2952.375357488616
1961-03-01,3100.965789473684,3115.698854686454,3028.864795162616,3007,2987.847422951418
1961-04-01,3209.0184210526304,3229.644714980366,3143.392087291769,3086,3135.6761418801466
1961-05-01,3271.9131578947363,3298.432679797468,3212.955296287372,3201,3280.2852073310582
1961-06-01,3426.3868421052625,3458.7995902868297,3374.2912642546926,3428,3253.074612108079
1961-07-01,3816.597368421052,3854.9033401772,3771.557885930567,3754,3927.091678554716
1961-08-01,4921.386842105262,4965.586031383215,4883.597266578155,4917,4723.06133948145
1961-09-01,4171.597368421051,4221.689787134054,4141.251511460614,3760,4276.629475633408
1961-10-01,3702.5447368421046,3758.53038197122,3679.8364100516296,3609,3593.467196611891
1961-11-01,3523.018421052631,3584.8972895174584,3508.141436035411,3471,3535.1426806974728
1961-12-01,3284.492105263157,3352.264196420527,3277.640273622485,3347,3304.7377479599104
1962-01-01,3107.705701754385,3181.862116720088,3137.6332410510067,3333,3076.155646019259
1962-02-01,3090.0741228070165,3171.10597376815,3129.428944910709,3456,3195.565977074794
1962-03-01,3226.7583333333323,3314.665618155017,3275.7665517812693,3569,3234.396474574975
1962-04-01,3334.81096491228,3429.593682738982,3393.6986932416376,3900,3385.615736529046
1962-05-01,3397.705701754385,3499.3638518461366,3466.699053502337,3909,3533.647455993267
1962-06-01,3552.1793859649115,3660.7129666255514,3631.5044746686335,4098,3509.8916257715678
1962-07-01,3942.389912280701,4057.798920805975,4032.272851477367,4826,4187.395568207449
1962-08-01,5047.179385964912,5169.463816302042,5147.846289191697,5770,4986.884216111395
1962-09-01,4297.389912280701,4426.549776342934,4409.06689307478,5108,4544.003450228531
1962-10-01,3828.3372807017536,3964.3725754701513,3951.250452600302,4360,3864.4243801601574
1962-11-01,3648.81096491228,3791.7216873064426,3783.18644145247,4100,3809.7151841868504
1962-12-01,3410.2846491228065,3560.0707984995643,3556.3485438418147,3562,3582.957682378365
1963-01-01,3233.498245614034,3390.650923089177,3420.037078006488,3284,3358.0551223547577
1963-02-01,3215.866666666666,3380.8769844272915,3415.5606505362257,3278,3481.177106315304
1963-03-01,3352.5508771929817,3525.418833104212,3565.6584280107027,3424,3523.751367708463
1963-04-01,3460.603508771929,3641.329101978229,3687.383042008868,3843,3678.746504543478
1963-05-01,3523.498245614034,3712.0814753754366,3764.20817674125,3614,3830.5862098766124
1963-06-01,3677.97192982456,3874.412794444903,3932.870674313108,3536,3810.670476511789
1963-07-01,4068.18245614035,4272.480952915379,4337.528429461288,4505,4492.046626792515
1963-08-01,5172.971929824561,5385.128052701499,5457.023547448944,5456,5295.4395935292705
1963-09-01,4423.18245614035,4643.196217032444,4722.198133539236,4881,4856.495257467186
1963-10-01,3954.1298245614025,4182.001220449714,4268.367977205847,4041,4180.884728207557
1963-11-01,3774.603508771929,4010.332536576058,4104.32255213299,3724,4130.176184030959
1963-12-01,3536.077192982455,3779.663852059232,3881.53554253119,3525,3907.4514450071515
1964-01-01,3359.290789473683,3611.2261809388974,3749.3072666386,3437,3686.6137587561893
1964-02-01,3341.659210526315,3602.4344465670647,3748.9463310449582,3324,3813.832727477348
1964-03-01,3478.343421052631,3747.958499534038,3903.191902329937,3977,3860.536084619083
1964-04-01,3586.396052631578,3864.8509726981074,4029.096612072485,4025,4019.6924281906436
1964-05-01,3649.290789473683,3936.5855503853672,4110.134144483133,4016,4175.725451248289
1964-06-01,3803.76447368421,4099.899073744887,4283.04134166714,4031,4160.035146595941
1964-07-01,4193.974999999999,4498.949436505416,4691.97609836135,4489,4845.6688365771115
1964-08-01,5298.76447368421,5612.578740581588,5815.780519828918,5563,5653.351454002281
1964-09-01,4548.974999999999,4871.629109202585,5085.296711333004,5709,5218.728879616572
1964-10-01,4079.922368421052,4411.416316909908,4635.840462347293,4620,4547.4722230212865
1964-11-01,3900.396052631578,4240.729837326305,4476.201246555993,4160,4501.149662497002
1964-12-01,3661.869736842104,4011.043357099531,4257.852748169634,4012,4282.84301811347
1965-01-01,3485.0833333333326,3843.587890269249,4130.095285426367,3987,4066.4555374907536
1965-02-01,3467.451754385964,3835.778360187469,4134.237464915928,4155,4198.156822828121
1965-03-01,3604.13596491228,3982.2846174444944,4293.018453217997,4054,4249.374607574035
1965-04-01,3712.188596491227,4100.159294898617,4423.490881911514,4485,4413.07748973774
1965-05-01,3775.0833333333326,4172.87607687593,4509.128435207012,4558,4573.689162375496
1965-06-01,3929.5570175438593,4337.171804525502,4686.667955209753,4462,4562.609618291228
1965-07-01,4319.767543859648,4737.204371576083,5100.267336656577,4594,5252.8861798284415
1965-08-01,5424.557017543859,5851.815879942307,6228.768684810644,6481,6065.243779797622
1965-09-01,4674.767543859648,5111.848452853357,5503.014104935111,6345,5635.32829894389
1965-10-01,4205.7149122807,4652.617864850734,5058.319386503661,5142,4968.81084686855
1965-11-01,4026.188596491228,4482.913589557182,4903.474003200505,4824,4927.2596018521745
1965-12-01,3787.662280701754,4254.209313620462,4689.951639236172,4573,4713.756383964523
1966-01-01,3610.8758771929815,4087.736051080232,4567.052612848814,4158,4502.204440825646
1966-02-01,3593.2442982456128,4080.908725288505,4576.085530628166,4140,4638.773374634828
1966-03-01,3729.928508771929,4228.397186835583,4739.7895591539045,4251,4694.89091884052
1966-04-01,3837.981140350877,4347.254068579758,4875.217330004977,4734,4863.525671451969
1966-05-01,3900.8758771929815,4420.953054847123,4965.842527391913,4858,5029.101325525435
1966-06-01,4055.349561403508,4586.230986786748,5148.401993419971,4798,5023.017873864843
1966-07-01,4445.560087719297,4987.245758127382,5567.053622825997,5080,5718.322638813703
1966-08-01,5550.349561403507,6102.839470783659,6700.6395208731465,6905,6535.740553182493
1966-09-01,4800.560087719297,5363.854247984761,5980.001792824578,5504,6110.91749771634
1966-10-01,4331.50745614035,4905.60586427219,5540.456228153974,5457,5449.524582016544
1966-11-01,4151.981140350877,4736.883793268691,5390.792300545551,5198,5413.129984363679
1966-12-01,3913.4548245614014,4509.161721622024,5182.483694209827,4890,5204.815524827505
